{
    "start_time": 1555966007.4603038,
    "target": "Claim",
    "server_path": "C:\\Users\\Ashmita\\Desktop\\Data Science Assignments\\Final Project\\hyperparameter-db-project-ds14\\Python scripts",
    "data_path": null,
    "test_path": null,
    "max_models": 9,
    "run_time": 500,
    "run_id": "Yurs3VOV1",
    "scale": false,
    "classification": false,
    "model_path": null,
    "balance": false,
    "balance_threshold": 0.2,
    "project": null,
    "end_time": 1555966007.4603038,
    "execution_time": 0.0,
    "run_path": "C:\\Users\\Ashmita\\Desktop\\Data Science Assignments\\Final Project\\hyperparameter-db-project-ds14\\Python scripts\\Yurs3VOV1",
    "nthreads": 1,
    "min_mem_size": 6,
    "analysis": 0
}
